metric,year,value,category,scope
居民人均交通通信支出(元),2000年,211.0,支出,全国
居民人均交通通信支出(元),2000年,95.0,支出,农村
居民人均交通通信支出(元),2000年,414.0,支出,城镇
居民人均交通通信支出(元),2001年,237.0,支出,全国
居民人均交通通信支出(元),2001年,113.0,支出,农村
居民人均交通通信支出(元),2001年,442.0,支出,城镇
居民人均交通通信支出(元),2002年,315.0,支出,全国
居民人均交通通信支出(元),2002年,133.0,支出,农村
居民人均交通通信支出(元),2002年,599.0,支出,城镇
居民人均交通通信支出(元),2003年,378.0,支出,全国
居民人均交通通信支出(元),2003年,170.0,支出,农村
居民人均交通通信支出(元),2003年,682.0,支出,城镇
居民人均交通通信支出(元),2004年,450.0,支出,全国
居民人均交通通信支出(元),2004年,203.0,支出,农村
居民人均交通通信支出(元),2004年,793.0,支出,城镇
居民人均交通通信支出(元),2005年,547.0,支出,全国
居民人均交通通信支出(元),2005年,260.0,支出,农村
居民人均交通通信支出(元),2005年,928.0,支出,城镇
居民人均交通通信支出(元),2006年,640.0,支出,全国
居民人均交通通信支出(元),2006年,309.0,支出,农村
居民人均交通通信支出(元),2006年,1056.0,支出,城镇
居民人均交通通信支出(元),2007年,762.0,支出,全国
居民人均交通通信支出(元),2007年,354.0,支出,农村
居民人均交通通信支出(元),2007年,1242.0,支出,城镇
居民人均交通通信支出(元),2008年,808.0,支出,全国
居民人均交通通信支出(元),2008年,392.0,支出,农村
居民人均交通通信支出(元),2008年,1278.0,支出,城镇
居民人均交通通信支出(元),2009年,953.0,支出,全国
居民人均交通通信支出(元),2009年,440.0,支出,农村
居民人均交通通信支出(元),2009年,1503.0,支出,城镇
居民人均交通通信支出(元),2010年,1130.0,支出,全国
居民人均交通通信支出(元),2010年,508.0,支出,农村
居民人均交通通信支出(元),2010年,1753.0,支出,城镇
居民人均交通通信支出(元),2011年,1259.0,支出,全国
居民人均交通通信支出(元),2011年,603.0,支出,农村
居民人均交通通信支出(元),2011年,1889.0,支出,城镇
居民人均交通通信支出(元),2012年,1451.0,支出,全国
居民人均交通通信支出(元),2012年,717.0,支出,农村
居民人均交通通信支出(元),2012年,2139.0,支出,城镇
居民人均交通通信支出(元),2013年,1627.0,支出,全国
居民人均交通通信支出(元),2013年,875.0,支出,农村
居民人均交通通信支出(元),2013年,2318.0,支出,城镇
居民人均交通通信支出(元),2014年,1869.0,支出,全国
居民人均交通通信支出(元),2014年,1013.0,支出,农村
居民人均交通通信支出(元),2014年,2637.0,支出,城镇
居民人均交通通信支出(元),2015年,2087.0,支出,全国
居民人均交通通信支出(元),2015年,1163.0,支出,农村
居民人均交通通信支出(元),2015年,2895.0,支出,城镇
居民人均交通通信支出(元),2016年,2338.0,支出,全国
居民人均交通通信支出(元),2016年,1360.0,支出,农村
居民人均交通通信支出(元),2016年,3174.0,支出,城镇
居民人均交通通信支出(元),2017年,2499.0,支出,全国
居民人均交通通信支出(元),2017年,1509.0,支出,农村
居民人均交通通信支出(元),2017年,3322.0,支出,城镇
居民人均交通通信支出(元),2018年,2675.0,支出,全国
居民人均交通通信支出(元),2018年,1690.0,支出,农村
居民人均交通通信支出(元),2018年,3473.0,支出,城镇
居民人均交通通信支出(元),2019年,2862.0,支出,全国
居民人均交通通信支出(元),2019年,1837.0,支出,农村
居民人均交通通信支出(元),2019年,3671.0,支出,城镇
居民人均交通通信支出(元),2020年,2762.0,支出,全国
居民人均交通通信支出(元),2020年,1841.0,支出,农村
居民人均交通通信支出(元),2020年,3474.0,支出,城镇
居民人均交通通信支出(元),2021年,3156.0,支出,全国
居民人均交通通信支出(元),2021年,2132.0,支出,农村
居民人均交通通信支出(元),2021年,3932.0,支出,城镇
居民人均其他用品及服务支出(元),2000年,91.0,支出,全国
居民人均其他用品及服务支出(元),2000年,51.0,支出,农村
居民人均其他用品及服务支出(元),2000年,163.0,支出,城镇
居民人均其他用品及服务支出(元),2001年,132.0,支出,全国
居民人均其他用品及服务支出(元),2001年,54.0,支出,农村
居民人均其他用品及服务支出(元),2001年,262.0,支出,城镇
居民人均其他用品及服务支出(元),2002年,103.0,支出,全国
居民人均其他用品及服务支出(元),2002年,55.0,支出,农村
居民人均其他用品及服务支出(元),2002年,178.0,支出,城镇
居民人均其他用品及服务支出(元),2003年,102.0,支出,全国
居民人均其他用品及服务支出(元),2003年,40.0,支出,农村
居民人均其他用品及服务支出(元),2003年,191.0,支出,城镇
居民人均其他用品及服务支出(元),2004年,114.0,支出,全国
居民人均其他用品及服务支出(元),2004年,45.0,支出,农村
居民人均其他用品及服务支出(元),2004年,210.0,支出,城镇
居民人均其他用品及服务支出(元),2005年,131.0,支出,全国
居民人均其他用品及服务支出(元),2005年,50.0,支出,农村
居民人均其他用品及服务支出(元),2005年,237.0,支出,城镇
居民人均其他用品及服务支出(元),2006年,146.0,支出,全国
居民人均其他用品及服务支出(元),2006年,58.0,支出,农村
居民人均其他用品及服务支出(元),2006年,258.0,支出,城镇
居民人均其他用品及服务支出(元),2007年,170.0,支出,全国
居民人均其他用品及服务支出(元),2007年,67.0,支出,农村
居民人均其他用品及服务支出(元),2007年,293.0,支出,城镇
居民人均其他用品及服务支出(元),2008年,193.0,支出,全国
居民人均其他用品及服务支出(元),2008年,69.0,支出,农村
居民人均其他用品及服务支出(元),2008年,332.0,支出,城镇
居民人均其他用品及服务支出(元),2009年,216.0,支出,全国
居民人均其他用品及服务支出(元),2009年,74.0,支出,农村
居民人均其他用品及服务支出(元),2009年,368.0,支出,城镇
居民人均其他用品及服务支出(元),2010年,231.0,支出,全国
居民人均其他用品及服务支出(元),2010年,82.0,支出,农村
居民人均其他用品及服务支出(元),2010年,380.0,支出,城镇
居民人均其他用品及服务支出(元),2011年,272.0,支出,全国
居民人均其他用品及服务支出(元),2011年,105.0,支出,农村
居民人均其他用品及服务支出(元),2011年,433.0,支出,城镇
居民人均其他用品及服务支出(元),2012年,307.0,支出,全国
居民人均其他用品及服务支出(元),2012年,124.0,支出,农村
居民人均其他用品及服务支出(元),2012年,479.0,支出,城镇
居民人均其他用品及服务支出(元),2013年,325.0,支出,全国
居民人均其他用品及服务支出(元),2013年,144.0,支出,农村
居民人均其他用品及服务支出(元),2013年,490.0,支出,城镇
居民人均其他用品及服务支出(元),2014年,358.0,支出,全国
居民人均其他用品及服务支出(元),2014年,163.0,支出,农村
居民人均其他用品及服务支出(元),2014年,533.0,支出,城镇
居民人均其他用品及服务支出(元),2015年,389.0,支出,全国
居民人均其他用品及服务支出(元),2015年,174.0,支出,农村
居民人均其他用品及服务支出(元),2015年,578.0,支出,城镇
居民人均其他用品及服务支出(元),2016年,406.0,支出,全国
居民人均其他用品及服务支出(元),2016年,186.0,支出,农村
居民人均其他用品及服务支出(元),2016年,595.0,支出,城镇
居民人均其他用品及服务支出(元),2017年,447.0,支出,全国
居民人均其他用品及服务支出(元),2017年,201.0,支出,农村
居民人均其他用品及服务支出(元),2017年,652.0,支出,城镇
居民人均其他用品及服务支出(元),2018年,477.0,支出,全国
居民人均其他用品及服务支出(元),2018年,218.0,支出,农村
居民人均其他用品及服务支出(元),2018年,687.0,支出,城镇
居民人均其他用品及服务支出(元),2019年,524.0,支出,全国
居民人均其他用品及服务支出(元),2019年,241.0,支出,农村
居民人均其他用品及服务支出(元),2019年,747.0,支出,城镇
居民人均其他用品及服务支出(元),2020年,462.0,支出,全国
居民人均其他用品及服务支出(元),2020年,224.0,支出,农村
居民人均其他用品及服务支出(元),2020年,646.0,支出,城镇
居民人均其他用品及服务支出(元),2021年,569.0,支出,全国
居民人均其他用品及服务支出(元),2021年,284.0,支出,农村
居民人均其他用品及服务支出(元),2021年,786.0,支出,城镇
居民人均医疗保健支出(元),2000年,173.0,支出,全国
居民人均医疗保健支出(元),2000年,89.0,支出,农村
居民人均医疗保健支出(元),2000年,321.0,支出,城镇
居民人均医疗保健支出(元),2001年,193.0,支出,全国
居民人均医疗保健支出(元),2001年,99.0,支出,农村
居民人均医疗保健支出(元),2001年,349.0,支出,城镇
居民人均医疗保健支出(元),2002年,237.0,支出,全国
居民人均医疗保健支出(元),2002年,107.0,支出,农村
居民人均医疗保健支出(元),2002年,438.0,支出,城镇
居民人均医疗保健支出(元),2003年,268.0,支出,全国
居民人均医疗保健支出(元),2003年,120.0,支出,农村
居民人均医疗保健支出(元),2003年,484.0,支出,城镇
居民人均医疗保健支出(元),2004年,305.0,支出,全国
居民人均医疗保健支出(元),2004年,137.0,支出,农村
居民人均医疗保健支出(元),2004年,540.0,支出,城镇
居民人均医疗保健支出(元),2005年,366.0,支出,全国
居民人均医疗保健支出(元),2005年,177.0,支出,农村
居民人均医疗保健支出(元),2005年,615.0,支出,城镇
居民人均医疗保健支出(元),2006年,395.0,支出,全国
居民人均医疗保健支出(元),2006年,203.0,支出,农村
居民人均医疗保健支出(元),2006年,635.0,支出,城镇
居民人均医疗保健支出(元),2007年,452.0,支出,全国
居民人均医疗保健支出(元),2007年,225.0,支出,农村
居民人均医疗保健支出(元),2007年,719.0,支出,城镇
居民人均医疗保健支出(元),2008年,519.0,支出,全国
居民人均医疗保健支出(元),2008年,266.0,支出,农村
居民人均医疗保健支出(元),2008年,805.0,支出,城镇
居民人均医疗保健支出(元),2009年,586.0,支出,全国
居民人均医疗保健支出(元),2009年,311.0,支出,农村
居民人均医疗保健支出(元),2009年,878.0,支出,城镇
居民人均医疗保健支出(元),2010年,625.0,支出,全国
居民人均医疗保健支出(元),2010年,356.0,支出,农村
居民人均医疗保健支出(元),2010年,895.0,支出,城镇
居民人均医疗保健支出(元),2011年,744.0,支出,全国
居民人均医疗保健支出(元),2011年,478.0,支出,农村
居民人均医疗保健支出(元),2011年,999.0,支出,城镇
居民人均医疗保健支出(元),2012年,838.0,支出,全国
居民人均医疗保健支出(元),2012年,560.0,支出,农村
居民人均医疗保健支出(元),2012年,1099.0,支出,城镇
居民人均医疗保健支出(元),2013年,912.0,支出,全国
居民人均医疗保健支出(元),2013年,668.0,支出,农村
居民人均医疗保健支出(元),2013年,1136.0,支出,城镇
居民人均医疗保健支出(元),2014年,1045.0,支出,全国
居民人均医疗保健支出(元),2014年,754.0,支出,农村
居民人均医疗保健支出(元),2014年,1306.0,支出,城镇
居民人均医疗保健支出(元),2015年,1165.0,支出,全国
居民人均医疗保健支出(元),2015年,846.0,支出,农村
居民人均医疗保健支出(元),2015年,1443.0,支出,城镇
居民人均医疗保健支出(元),2016年,1307.0,支出,全国
居民人均医疗保健支出(元),2016年,929.0,支出,农村
居民人均医疗保健支出(元),2016年,1631.0,支出,城镇
居民人均医疗保健支出(元),2017年,1451.0,支出,全国
居民人均医疗保健支出(元),2017年,1059.0,支出,农村
居民人均医疗保健支出(元),2017年,1777.0,支出,城镇
居民人均医疗保健支出(元),2018年,1685.0,支出,全国
居民人均医疗保健支出(元),2018年,1240.0,支出,农村
居民人均医疗保健支出(元),2018年,2046.0,支出,城镇
居民人均医疗保健支出(元),2019年,1902.0,支出,全国
居民人均医疗保健支出(元),2019年,1421.0,支出,农村
居民人均医疗保健支出(元),2019年,2283.0,支出,城镇
居民人均医疗保健支出(元),2020年,1843.0,支出,全国
居民人均医疗保健支出(元),2020年,1418.0,支出,农村
居民人均医疗保健支出(元),2020年,2172.0,支出,城镇
居民人均医疗保健支出(元),2021年,2115.0,支出,全国
居民人均医疗保健支出(元),2021年,1580.0,支出,农村
居民人均医疗保健支出(元),2021年,2521.0,支出,城镇
居民人均可支配工资性收入(元),2000年,2040.0,收入,全国
居民人均可支配工资性收入(元),2000年,697.0,收入,农村
居民人均可支配工资性收入(元),2000年,4405.0,收入,城镇
居民人均可支配工资性收入(元),2001年,2255.0,收入,全国
居民人均可支配工资性收入(元),2001年,764.0,收入,农村
居民人均可支配工资性收入(元),2001年,4723.0,收入,城镇
居民人均可支配工资性收入(元),2002年,2698.0,收入,全国
居民人均可支配工资性收入(元),2002年,829.0,收入,农村
居民人均可支配工资性收入(元),2002年,5610.0,收入,城镇
居民人均可支配工资性收入(元),2003年,3061.0,收入,全国
居民人均可支配工资性收入(元),2003年,905.0,收入,农村
居民人均可支配工资性收入(元),2003年,6224.0,收入,城镇
居民人均可支配工资性收入(元),2004年,3452.0,收入,全国
居民人均可支配工资性收入(元),2004年,980.0,收入,农村
居民人均可支配工资性收入(元),2004年,6900.0,收入,城镇
居民人均可支配工资性收入(元),2005年,3859.0,收入,全国
居民人均可支配工资性收入(元),2005年,1147.0,收入,农村
居民人均可支配工资性收入(元),2005年,7456.0,收入,城镇
居民人均可支配工资性收入(元),2006年,4426.0,收入,全国
居民人均可支配工资性收入(元),2006年,1336.0,收入,农村
居民人均可支配工资性收入(元),2006年,8305.0,收入,城镇
居民人均可支配工资性收入(元),2007年,5222.0,收入,全国
居民人均可支配工资性收入(元),2007年,1543.0,收入,农村
居民人均可支配工资性收入(元),2007年,9561.0,收入,城镇
居民人均可支配工资性收入(元),2008年,5841.0,收入,全国
居民人均可支配工资性收入(元),2008年,1766.0,收入,农村
居民人均可支配工资性收入(元),2008年,10438.0,收入,城镇
居民人均可支配工资性收入(元),2009年,6481.0,收入,全国
居民人均可支配工资性收入(元),2009年,1940.0,收入,农村
居民人均可支配工资性收入(元),2009年,11333.0,收入,城镇
居民人均可支配工资性收入(元),2010年,7320.0,收入,全国
居民人均可支配工资性收入(元),2010年,2278.0,收入,农村
居民人均可支配工资性收入(元),2010年,12372.0,收入,城镇
居民人均可支配工资性收入(元),2011年,8313.0,收入,全国
居民人均可支配工资性收入(元),2011年,2734.0,收入,农村
居民人均可支配工资性收入(元),2011年,13673.0,收入,城镇
居民人均可支配工资性收入(元),2012年,9379.0,收入,全国
居民人均可支配工资性收入(元),2012年,3123.0,收入,农村
居民人均可支配工资性收入(元),2012年,15247.0,收入,城镇
居民人均可支配工资性收入(元),2013年,10411.0,收入,全国
居民人均可支配工资性收入(元),2013年,3653.0,收入,农村
居民人均可支配工资性收入(元),2013年,16617.0,收入,城镇
居民人均可支配工资性收入(元),2014年,11421.0,收入,全国
居民人均可支配工资性收入(元),2014年,4152.0,收入,农村
居民人均可支配工资性收入(元),2014年,17937.0,收入,城镇
居民人均可支配工资性收入(元),2015年,12459.0,收入,全国
居民人均可支配工资性收入(元),2015年,4600.0,收入,农村
居民人均可支配工资性收入(元),2015年,19337.0,收入,城镇
居民人均可支配工资性收入(元),2016年,13455.0,收入,全国
居民人均可支配工资性收入(元),2016年,5022.0,收入,农村
居民人均可支配工资性收入(元),2016年,20665.0,收入,城镇
居民人均可支配工资性收入(元),2017年,14620.0,收入,全国
居民人均可支配工资性收入(元),2017年,5498.0,收入,农村
居民人均可支配工资性收入(元),2017年,22201.0,收入,城镇
居民人均可支配工资性收入(元),2018年,15829.0,收入,全国
居民人均可支配工资性收入(元),2018年,5996.0,收入,农村
居民人均可支配工资性收入(元),2018年,23792.0,收入,城镇
居民人均可支配工资性收入(元),2019年,17186.0,收入,全国
居民人均可支配工资性收入(元),2019年,6583.0,收入,农村
居民人均可支配工资性收入(元),2019年,25565.0,收入,城镇
居民人均可支配工资性收入(元),2020年,17917.0,收入,全国
居民人均可支配工资性收入(元),2020年,6974.0,收入,农村
居民人均可支配工资性收入(元),2020年,26381.0,收入,城镇
居民人均可支配工资性收入(元),2021年,19629.0,收入,全国
居民人均可支配工资性收入(元),2021年,7958.0,收入,农村
居民人均可支配工资性收入(元),2021年,28481.0,收入,城镇
居民人均可支配收入(元),2000年,3721.0,收入,全国
居民人均可支配收入(元),2000年,2282.0,收入,农村
居民人均可支配收入(元),2000年,6256.0,收入,城镇
居民人均可支配收入(元),2001年,4070.0,收入,全国
居民人均可支配收入(元),2001年,2407.0,收入,农村
居民人均可支配收入(元),2001年,6824.0,收入,城镇
居民人均可支配收入(元),2002年,4532.0,收入,全国
居民人均可支配收入(元),2002年,2529.0,收入,农村
居民人均可支配收入(元),2002年,7652.0,收入,城镇
居民人均可支配收入(元),2003年,5007.0,收入,全国
居民人均可支配收入(元),2003年,2690.0,收入,农村
居民人均可支配收入(元),2003年,8406.0,收入,城镇
居民人均可支配收入(元),2004年,5661.0,收入,全国
居民人均可支配收入(元),2004年,3027.0,收入,农村
居民人均可支配收入(元),2004年,9335.0,收入,城镇
居民人均可支配收入(元),2005年,6385.0,收入,全国
居民人均可支配收入(元),2005年,3370.0,收入,农村
居民人均可支配收入(元),2005年,10382.0,收入,城镇
居民人均可支配收入(元),2006年,7229.0,收入,全国
居民人均可支配收入(元),2006年,3731.0,收入,农村
居民人均可支配收入(元),2006年,11620.0,收入,城镇
居民人均可支配收入(元),2007年,8584.0,收入,全国
居民人均可支配收入(元),2007年,4327.0,收入,农村
居民人均可支配收入(元),2007年,13603.0,收入,城镇
居民人均可支配收入(元),2008年,9957.0,收入,全国
居民人均可支配收入(元),2008年,4999.0,收入,农村
居民人均可支配收入(元),2008年,15549.0,收入,城镇
居民人均可支配收入(元),2009年,10977.0,收入,全国
居民人均可支配收入(元),2009年,5435.0,收入,农村
居民人均可支配收入(元),2009年,16901.0,收入,城镇
居民人均可支配收入(元),2010年,12520.0,收入,全国
居民人均可支配收入(元),2010年,6272.0,收入,农村
居民人均可支配收入(元),2010年,18779.0,收入,城镇
居民人均可支配收入(元),2011年,14551.0,收入,全国
居民人均可支配收入(元),2011年,7394.0,收入,农村
居民人均可支配收入(元),2011年,21427.0,收入,城镇
居民人均可支配收入(元),2012年,16510.0,收入,全国
居民人均可支配收入(元),2012年,8389.0,收入,农村
居民人均可支配收入(元),2012年,24127.0,收入,城镇
居民人均可支配收入(元),2013年,18311.0,收入,全国
居民人均可支配收入(元),2013年,9430.0,收入,农村
居民人均可支配收入(元),2013年,26467.0,收入,城镇
居民人均可支配收入(元),2014年,20167.0,收入,全国
居民人均可支配收入(元),2014年,10489.0,收入,农村
居民人均可支配收入(元),2014年,28844.0,收入,城镇
居民人均可支配收入(元),2015年,21966.0,收入,全国
居民人均可支配收入(元),2015年,11422.0,收入,农村
居民人均可支配收入(元),2015年,31195.0,收入,城镇
居民人均可支配收入(元),2016年,23821.0,收入,全国
居民人均可支配收入(元),2016年,12363.0,收入,农村
居民人均可支配收入(元),2016年,33616.0,收入,城镇
居民人均可支配收入(元),2017年,25974.0,收入,全国
居民人均可支配收入(元),2017年,13432.0,收入,农村
居民人均可支配收入(元),2017年,36396.0,收入,城镇
居民人均可支配收入(元),2018年,28228.0,收入,全国
居民人均可支配收入(元),2018年,14617.0,收入,农村
居民人均可支配收入(元),2018年,39251.0,收入,城镇
居民人均可支配收入(元),2019年,30733.0,收入,全国
居民人均可支配收入(元),2019年,16021.0,收入,农村
居民人均可支配收入(元),2019年,42359.0,收入,城镇
居民人均可支配收入(元),2020年,32189.0,收入,全国
居民人均可支配收入(元),2020年,17131.0,收入,农村
居民人均可支配收入(元),2020年,43834.0,收入,城镇
居民人均可支配收入(元),2021年,35128.0,收入,全国
居民人均可支配收入(元),2021年,18931.0,收入,农村
居民人均可支配收入(元),2021年,47412.0,收入,城镇
居民人均可支配收入中位数(元),2013年,15632.0,收入,全国
居民人均可支配收入中位数(元),2013年,8428.0,收入,农村
居民人均可支配收入中位数(元),2013年,24138.0,收入,城镇
居民人均可支配收入中位数(元),2014年,17570.0,收入,全国
居民人均可支配收入中位数(元),2014年,9497.0,收入,农村
居民人均可支配收入中位数(元),2014年,26635.0,收入,城镇
居民人均可支配收入中位数(元),2015年,19281.0,收入,全国
居民人均可支配收入中位数(元),2015年,10291.0,收入,农村
居民人均可支配收入中位数(元),2015年,29129.0,收入,城镇
居民人均可支配收入中位数(元),2016年,20883.0,收入,全国
居民人均可支配收入中位数(元),2016年,11149.0,收入,农村
居民人均可支配收入中位数(元),2016年,31554.0,收入,城镇
居民人均可支配收入中位数(元),2017年,22408.0,收入,全国
居民人均可支配收入中位数(元),2017年,11969.0,收入,农村
居民人均可支配收入中位数(元),2017年,33834.0,收入,城镇
居民人均可支配收入中位数(元),2018年,24336.0,收入,全国
居民人均可支配收入中位数(元),2018年,13066.0,收入,农村
居民人均可支配收入中位数(元),2018年,36413.0,收入,城镇
居民人均可支配收入中位数(元),2019年,26523.0,收入,全国
居民人均可支配收入中位数(元),2019年,14389.0,收入,农村
居民人均可支配收入中位数(元),2019年,39244.0,收入,城镇
居民人均可支配收入中位数(元),2020年,27540.0,收入,全国
居民人均可支配收入中位数(元),2020年,15204.0,收入,农村
居民人均可支配收入中位数(元),2020年,40378.0,收入,城镇
居民人均可支配收入中位数(元),2021年,29975.0,收入,全国
居民人均可支配收入中位数(元),2021年,16902.0,收入,农村
居民人均可支配收入中位数(元),2021年,43504.0,收入,城镇
居民人均可支配经营净收入(元),2000年,1019.0,收入,全国
居民人均可支配经营净收入(元),2000年,1453.0,收入,农村
居民人均可支配经营净收入(元),2000年,255.0,收入,城镇
居民人均可支配经营净收入(元),2001年,1038.0,收入,全国
居民人均可支配经营净收入(元),2001年,1494.0,收入,农村
居民人均可支配经营净收入(元),2001年,283.0,收入,城镇
居民人均可支配经营净收入(元),2002年,1067.0,收入,全国
居民人均可支配经营净收入(元),2002年,1530.0,收入,农村
居民人均可支配经营净收入(元),2002年,346.0,收入,城镇
居民人均可支配经营净收入(元),2003年,1122.0,收入,全国
居民人均可支配经营净收入(元),2003年,1599.0,收入,农村
居民人均可支配经营净收入(元),2003年,423.0,收入,城镇
居民人均可支配经营净收入(元),2004年,1277.0,收入,全国
居民人均可支配经营净收入(元),2004年,1820.0,收入,农村
居民人均可支配经营净收入(元),2004年,520.0,收入,城镇
居民人均可支配经营净收入(元),2005年,1410.0,收入,全国
居民人均可支配经营净收入(元),2005年,1931.0,收入,农村
居民人均可支配经营净收入(元),2005年,719.0,收入,城镇
居民人均可支配经营净收入(元),2006年,1511.0,收入,全国
居民人均可支配经营净收入(元),2006年,2030.0,收入,农村
居民人均可支配经营净收入(元),2006年,860.0,收入,城镇
居民人均可支配经营净收入(元),2007年,1711.0,收入,全国
居民人均可支配经营净收入(元),2007年,2315.0,收入,农村
居民人均可支配经营净收入(元),2007年,998.0,收入,城镇
居民人均可支配经营净收入(元),2008年,2082.0,收入,全国
居民人均可支配经营净收入(元),2008年,2556.0,收入,农村
居民人均可支配经营净收入(元),2008年,1547.0,收入,城镇
居民人均可支配经营净收入(元),2009年,2154.0,收入,全国
居民人均可支配经营净收入(元),2009年,2643.0,收入,农村
居民人均可支配经营净收入(元),2009年,1631.0,收入,城镇
居民人均可支配经营净收入(元),2010年,2402.0,收入,全国
居民人均可支配经营净收入(元),2010年,2978.0,收入,农村
居民人均可支配经营净收入(元),2010年,1826.0,收入,城镇
居民人均可支配经营净收入(元),2011年,2846.0,收入,全国
居民人均可支配经营净收入(元),2011年,3367.0,收入,农村
居民人均可支配经营净收入(元),2011年,2345.0,收入,城镇
居民人均可支配经营净收入(元),2012年,3172.0,收入,全国
居民人均可支配经营净收入(元),2012年,3660.0,收入,农村
居民人均可支配经营净收入(元),2012年,2715.0,收入,城镇
居民人均可支配经营净收入(元),2013年,3435.0,收入,全国
居民人均可支配经营净收入(元),2013年,3935.0,收入,农村
居民人均可支配经营净收入(元),2013年,2975.0,收入,城镇
居民人均可支配经营净收入(元),2014年,3732.0,收入,全国
居民人均可支配经营净收入(元),2014年,4237.0,收入,农村
居民人均可支配经营净收入(元),2014年,3279.0,收入,城镇
居民人均可支配经营净收入(元),2015年,3956.0,收入,全国
居民人均可支配经营净收入(元),2015年,4504.0,收入,农村
居民人均可支配经营净收入(元),2015年,3476.0,收入,城镇
居民人均可支配经营净收入(元),2016年,4218.0,收入,全国
居民人均可支配经营净收入(元),2016年,4741.0,收入,农村
居民人均可支配经营净收入(元),2016年,3770.0,收入,城镇
居民人均可支配经营净收入(元),2017年,4502.0,收入,全国
居民人均可支配经营净收入(元),2017年,5028.0,收入,农村
居民人均可支配经营净收入(元),2017年,4065.0,收入,城镇
居民人均可支配经营净收入(元),2018年,4852.0,收入,全国
居民人均可支配经营净收入(元),2018年,5358.0,收入,农村
居民人均可支配经营净收入(元),2018年,4443.0,收入,城镇
居民人均可支配经营净收入(元),2019年,5247.0,收入,全国
居民人均可支配经营净收入(元),2019年,5762.0,收入,农村
居民人均可支配经营净收入(元),2019年,4840.0,收入,城镇
居民人均可支配经营净收入(元),2020年,5307.0,收入,全国
居民人均可支配经营净收入(元),2020年,6077.0,收入,农村
居民人均可支配经营净收入(元),2020年,4711.0,收入,城镇
居民人均可支配经营净收入(元),2021年,5893.0,收入,全国
居民人均可支配经营净收入(元),2021年,6566.0,收入,农村
居民人均可支配经营净收入(元),2021年,5382.0,收入,城镇
居民人均可支配财产净收入(元),2000年,84.0,收入,全国
居民人均可支配财产净收入(元),2000年,42.0,收入,农村
居民人均可支配财产净收入(元),2000年,159.0,收入,城镇
居民人均可支配财产净收入(元),2001年,94.0,收入,全国
居民人均可支配财产净收入(元),2001年,43.0,收入,农村
居民人均可支配财产净收入(元),2001年,179.0,收入,城镇
居民人均可支配财产净收入(元),2002年,84.0,收入,全国
居民人均可支配财产净收入(元),2002年,45.0,收入,农村
居民人均可支配财产净收入(元),2002年,144.0,收入,城镇
居民人均可支配财产净收入(元),2003年,119.0,收入,全国
居民人均可支配财产净收入(元),2003年,57.0,收入,农村
居民人均可支配财产净收入(元),2003年,209.0,收入,城镇
居民人均可支配财产净收入(元),2004年,151.0,收入,全国
居民人均可支配财产净收入(元),2004年,65.0,收入,农村
居民人均可支配财产净收入(元),2004年,271.0,收入,城镇
居民人均可支配财产净收入(元),2005年,193.0,收入,全国
居民人均可支配财产净收入(元),2005年,73.0,收入,农村
居民人均可支配财产净收入(元),2005年,352.0,收入,城镇
居民人均可支配财产净收入(元),2006年,260.0,收入,全国
居民人均可支配财产净收入(元),2006年,81.0,收入,农村
居民人均可支配财产净收入(元),2006年,484.0,收入,城镇
居民人均可支配财产净收入(元),2007年,402.0,收入,全国
居民人均可支配财产净收入(元),2007年,100.0,收入,农村
居民人均可支配财产净收入(元),2007年,758.0,收入,城镇
居民人均可支配财产净收入(元),2008年,484.0,收入,全国
居民人均可支配财产净收入(元),2008年,112.0,收入,农村
居民人均可支配财产净收入(元),2008年,905.0,收入,城镇
居民人均可支配财产净收入(元),2009年,589.0,收入,全国
居民人均可支配财产净收入(元),2009年,122.0,收入,农村
居民人均可支配财产净收入(元),2009年,1088.0,收入,城镇
居民人均可支配财产净收入(元),2010年,778.0,收入,全国
居民人均可支配财产净收入(元),2010年,144.0,收入,农村
居民人均可支配财产净收入(元),2010年,1414.0,收入,城镇
居民人均可支配财产净收入(元),2011年,1047.0,收入,全国
居民人均可支配财产净收入(元),2011年,157.0,收入,农村
居民人均可支配财产净收入(元),2011年,1903.0,收入,城镇
居民人均可支配财产净收入(元),2012年,1231.0,收入,全国
居民人均可支配财产净收入(元),2012年,165.0,收入,农村
居民人均可支配财产净收入(元),2012年,2231.0,收入,城镇
居民人均可支配财产净收入(元),2013年,1423.0,收入,全国
居民人均可支配财产净收入(元),2013年,195.0,收入,农村
居民人均可支配财产净收入(元),2013年,2552.0,收入,城镇
居民人均可支配财产净收入(元),2014年,1588.0,收入,全国
居民人均可支配财产净收入(元),2014年,222.0,收入,农村
居民人均可支配财产净收入(元),2014年,2812.0,收入,城镇
居民人均可支配财产净收入(元),2015年,1740.0,收入,全国
居民人均可支配财产净收入(元),2015年,252.0,收入,农村
居民人均可支配财产净收入(元),2015年,3042.0,收入,城镇
居民人均可支配财产净收入(元),2016年,1889.0,收入,全国
居民人均可支配财产净收入(元),2016年,272.0,收入,农村
居民人均可支配财产净收入(元),2016年,3271.0,收入,城镇
居民人均可支配财产净收入(元),2017年,2107.0,收入,全国
居民人均可支配财产净收入(元),2017年,303.0,收入,农村
居民人均可支配财产净收入(元),2017年,3607.0,收入,城镇
居民人均可支配财产净收入(元),2018年,2379.0,收入,全国
居民人均可支配财产净收入(元),2018年,342.0,收入,农村
居民人均可支配财产净收入(元),2018年,4028.0,收入,城镇
居民人均可支配财产净收入(元),2019年,2619.0,收入,全国
居民人均可支配财产净收入(元),2019年,377.0,收入,农村
居民人均可支配财产净收入(元),2019年,4391.0,收入,城镇
居民人均可支配财产净收入(元),2020年,2791.0,收入,全国
居民人均可支配财产净收入(元),2020年,419.0,收入,农村
居民人均可支配财产净收入(元),2020年,4627.0,收入,城镇
居民人均可支配财产净收入(元),2021年,3076.0,收入,全国
居民人均可支配财产净收入(元),2021年,469.0,收入,农村
居民人均可支配财产净收入(元),2021年,5052.0,收入,城镇
居民人均可支配转移净收入(元),2000年,578.0,收入,全国
居民人均可支配转移净收入(元),2000年,91.0,收入,农村
居民人均可支配转移净收入(元),2000年,1437.0,收入,城镇
居民人均可支配转移净收入(元),2001年,683.0,收入,全国
居民人均可支配转移净收入(元),2001年,106.0,收入,农村
居民人均可支配转移净收入(元),2001年,1639.0,收入,城镇
居民人均可支配转移净收入(元),2002年,683.0,收入,全国
居民人均可支配转移净收入(元),2002年,125.0,收入,农村
居民人均可支配转移净收入(元),2002年,1552.0,收入,城镇
居民人均可支配转移净收入(元),2003年,705.0,收入,全国
居民人均可支配转移净收入(元),2003年,129.0,收入,农村
居民人均可支配转移净收入(元),2003年,1549.0,收入,城镇
居民人均可支配转移净收入(元),2004年,781.0,收入,全国
居民人均可支配转移净收入(元),2004年,163.0,收入,农村
居民人均可支配转移净收入(元),2004年,1644.0,收入,城镇
居民人均可支配转移净收入(元),2005年,923.0,收入,全国
居民人均可支配转移净收入(元),2005年,219.0,收入,农村
居民人均可支配转移净收入(元),2005年,1855.0,收入,城镇
居民人均可支配转移净收入(元),2006年,1032.0,收入,全国
居民人均可支配转移净收入(元),2006年,284.0,收入,农村
居民人均可支配转移净收入(元),2006年,1971.0,收入,城镇
居民人均可支配转移净收入(元),2007年,1248.0,收入,全国
居民人均可支配转移净收入(元),2007年,368.0,收入,农村
居民人均可支配转移净收入(元),2007年,2286.0,收入,城镇
居民人均可支配转移净收入(元),2008年,1550.0,收入,全国
居民人均可支配转移净收入(元),2008年,565.0,收入,农村
居民人均可支配转移净收入(元),2008年,2660.0,收入,城镇
居民人均可支配转移净收入(元),2009年,1754.0,收入,全国
居民人均可支配转移净收入(元),2009年,729.0,收入,农村
居民人均可支配转移净收入(元),2009年,2848.0,收入,城镇
居民人均可支配转移净收入(元),2010年,2019.0,收入,全国
居民人均可支配转移净收入(元),2010年,873.0,收入,农村
居民人均可支配转移净收入(元),2010年,3167.0,收入,城镇
居民人均可支配转移净收入(元),2011年,2344.0,收入,全国
居民人均可支配转移净收入(元),2011年,1136.0,收入,农村
居民人均可支配转移净收入(元),2011年,3506.0,收入,城镇
居民人均可支配转移净收入(元),2012年,2727.0,收入,全国
居民人均可支配转移净收入(元),2012年,1441.0,收入,农村
居民人均可支配转移净收入(元),2012年,3934.0,收入,城镇
居民人均可支配转移净收入(元),2013年,3042.0,收入,全国
居民人均可支配转移净收入(元),2013年,1648.0,收入,农村
居民人均可支配转移净收入(元),2013年,4323.0,收入,城镇
居民人均可支配转移净收入(元),2014年,3427.0,收入,全国
居民人均可支配转移净收入(元),2014年,1877.0,收入,农村
居民人均可支配转移净收入(元),2014年,4816.0,收入,城镇
居民人均可支配转移净收入(元),2015年,3812.0,收入,全国
居民人均可支配转移净收入(元),2015年,2066.0,收入,农村
居民人均可支配转移净收入(元),2015年,5340.0,收入,城镇
居民人均可支配转移净收入(元),2016年,4259.0,收入,全国
居民人均可支配转移净收入(元),2016年,2328.0,收入,农村
居民人均可支配转移净收入(元),2016年,5910.0,收入,城镇
居民人均可支配转移净收入(元),2017年,4744.0,收入,全国
居民人均可支配转移净收入(元),2017年,2603.0,收入,农村
居民人均可支配转移净收入(元),2017年,6524.0,收入,城镇
居民人均可支配转移净收入(元),2018年,5168.0,收入,全国
居民人均可支配转移净收入(元),2018年,2920.0,收入,农村
居民人均可支配转移净收入(元),2018年,6988.0,收入,城镇
居民人均可支配转移净收入(元),2019年,5680.0,收入,全国
居民人均可支配转移净收入(元),2019年,3298.0,收入,农村
居民人均可支配转移净收入(元),2019年,7563.0,收入,城镇
居民人均可支配转移净收入(元),2020年,6173.0,收入,全国
居民人均可支配转移净收入(元),2020年,3661.0,收入,农村
居民人均可支配转移净收入(元),2020年,8116.0,收入,城镇
居民人均可支配转移净收入(元),2021年,6531.0,收入,全国
居民人均可支配转移净收入(元),2021年,3937.0,收入,农村
居民人均可支配转移净收入(元),2021年,8497.0,收入,城镇
居民人均居住支出(元),2000年,419.0,支出,全国
居民人均居住支出(元),2000年,271.0,支出,农村
居民人均居住支出(元),2000年,680.0,支出,城镇
居民人均居住支出(元),2001年,448.0,支出,全国
居民人均居住支出(元),2001年,298.0,支出,农村
居民人均居住支出(元),2001年,696.0,支出,城镇
居民人均居住支出(元),2002年,527.0,支出,全国
居民人均居住支出(元),2002年,326.0,支出,农村
居民人均居住支出(元),2002年,842.0,支出,城镇
居民人均居住支出(元),2003年,606.0,支出,全国
居民人均居住支出(元),2003年,339.0,支出,农村
居民人均居住支出(元),2003年,997.0,支出,城镇
居民人均居住支出(元),2004年,674.0,支出,全国
居民人均居住支出(元),2004年,363.0,支出,农村
居民人均居住支出(元),2004年,1107.0,支出,城镇
居民人均居住支出(元),2005年,796.0,支出,全国
居民人均居住支出(元),2005年,422.0,支出,农村
居民人均居住支出(元),2005年,1292.0,支出,城镇
居民人均居住支出(元),2006年,980.0,支出,全国
居民人均居住支出(元),2006年,544.0,支出,农村
居民人均居住支出(元),2006年,1528.0,支出,城镇
居民人均居住支出(元),2007年,1176.0,支出,全国
居民人均居住支出(元),2007年,680.0,支出,农村
居民人均居住支出(元),2007年,1762.0,支出,城镇
居民人均居住支出(元),2008年,1454.0,支出,全国
居民人均居住支出(元),2008年,820.0,支出,农村
居民人均居住支出(元),2008年,2169.0,支出,城镇
居民人均居住支出(元),2009年,1698.0,支出,全国
居民人均居住支出(元),2009年,987.0,支出,农村
居民人均居住支出(元),2009年,2458.0,支出,城镇
居民人均居住支出(元),2010年,1928.0,支出,全国
居民人均居住支出(元),2010年,1042.0,支出,农村
居民人均居住支出(元),2010年,2816.0,支出,城镇
居民人均居住支出(元),2011年,2199.0,支出,全国
居民人均居住支出(元),2011年,1213.0,支出,农村
居民人均居住支出(元),2011年,3146.0,支出,城镇
居民人均居住支出(元),2012年,2480.0,支出,全国
居民人均居住支出(元),2012年,1381.0,支出,农村
居民人均居住支出(元),2012年,3511.0,支出,城镇
居民人均居住支出(元),2013年,2999.0,支出,全国
居民人均居住支出(元),2013年,1580.0,支出,农村
居民人均居住支出(元),2013年,4301.0,支出,城镇
居民人均居住支出(元),2014年,3201.0,支出,全国
居民人均居住支出(元),2014年,1763.0,支出,农村
居民人均居住支出(元),2014年,4490.0,支出,城镇
居民人均居住支出(元),2015年,3419.0,支出,全国
居民人均居住支出(元),2015年,1926.0,支出,农村
居民人均居住支出(元),2015年,4726.0,支出,城镇
居民人均居住支出(元),2016年,3746.0,支出,全国
居民人均居住支出(元),2016年,2147.0,支出,农村
居民人均居住支出(元),2016年,5114.0,支出,城镇
居民人均居住支出(元),2017年,4107.0,支出,全国
居民人均居住支出(元),2017年,2354.0,支出,农村
居民人均居住支出(元),2017年,5564.0,支出,城镇
居民人均居住支出(元),2018年,4647.0,支出,全国
居民人均居住支出(元),2018年,2661.0,支出,农村
居民人均居住支出(元),2018年,6255.0,支出,城镇
居民人均居住支出(元),2019年,5055.0,支出,全国
居民人均居住支出(元),2019年,2871.0,支出,农村
居民人均居住支出(元),2019年,6780.0,支出,城镇
居民人均居住支出(元),2020年,5215.0,支出,全国
居民人均居住支出(元),2020年,2962.0,支出,农村
居民人均居住支出(元),2020年,6958.0,支出,城镇
居民人均居住支出(元),2021年,5641.0,支出,全国
居民人均居住支出(元),2021年,3315.0,支出,农村
居民人均居住支出(元),2021年,7405.0,支出,城镇
居民人均教育文化娱乐支出(元),2000年,366.0,支出,全国
居民人均教育文化娱乐支出(元),2000年,204.0,支出,农村
居民人均教育文化娱乐支出(元),2000年,651.0,支出,城镇
居民人均教育文化娱乐支出(元),2001年,387.0,支出,全国
居民人均教育文化娱乐支出(元),2001年,216.0,支出,农村
居民人均教育文化娱乐支出(元),2001年,670.0,支出,城镇
居民人均教育文化娱乐支出(元),2002年,487.0,支出,全国
居民人均教育文化娱乐支出(元),2002年,243.0,支出,农村
居民人均教育文化娱乐支出(元),2002年,867.0,支出,城镇
居民人均教育文化娱乐支出(元),2003年,527.0,支出,全国
居民人均教育文化娱乐支出(元),2003年,280.0,支出,农村
居民人均教育文化娱乐支出(元),2003年,890.0,支出,城镇
居民人均教育文化娱乐支出(元),2004年,586.0,支出,全国
居民人均教育文化娱乐支出(元),2004年,304.0,支出,农村
居民人均教育文化娱乐支出(元),2004年,980.0,支出,城镇
居民人均教育文化娱乐支出(元),2005年,657.0,支出,全国
居民人均教育文化娱乐支出(元),2005年,374.0,支出,农村
居民人均教育文化娱乐支出(元),2005年,1033.0,支出,城镇
居民人均教育文化娱乐支出(元),2006年,718.0,支出,全国
居民人均教育文化娱乐支出(元),2006年,396.0,支出,农村
居民人均教育文化娱乐支出(元),2006年,1122.0,支出,城镇
居民人均教育文化娱乐支出(元),2007年,787.0,支出,全国
居民人均教育文化娱乐支出(元),2007年,409.0,支出,农村
居民人均教育文化娱乐支出(元),2007年,1234.0,支出,城镇
居民人均教育文化娱乐支出(元),2008年,814.0,支出,全国
居民人均教育文化娱乐支出(元),2008年,433.0,支出,农村
居民人均教育文化娱乐支出(元),2008年,1245.0,支出,城镇
居民人均教育文化娱乐支出(元),2009年,896.0,支出,全国
居民人均教育文化娱乐支出(元),2009年,481.0,支出,农村
居民人均教育文化娱乐支出(元),2009年,1339.0,支出,城镇
居民人均教育文化娱乐支出(元),2010年,1000.0,支出,全国
居民人均教育文化娱乐支出(元),2010年,534.0,支出,农村
居民人均教育文化娱乐支出(元),2010年,1467.0,支出,城镇
居民人均教育文化娱乐支出(元),2011年,1136.0,支出,全国
居民人均教育文化娱乐支出(元),2011年,590.0,支出,农村
居民人均教育文化娱乐支出(元),2011年,1661.0,支出,城镇
居民人均教育文化娱乐支出(元),2012年,1262.0,支出,全国
居民人均教育文化娱乐支出(元),2012年,677.0,支出,农村
居民人均教育文化娱乐支出(元),2012年,1810.0,支出,城镇
居民人均教育文化娱乐支出(元),2013年,1398.0,支出,全国
居民人均教育文化娱乐支出(元),2013年,755.0,支出,农村
居民人均教育文化娱乐支出(元),2013年,1988.0,支出,城镇
居民人均教育文化娱乐支出(元),2014年,1536.0,支出,全国
居民人均教育文化娱乐支出(元),2014年,860.0,支出,农村
居民人均教育文化娱乐支出(元),2014年,2142.0,支出,城镇
居民人均教育文化娱乐支出(元),2015年,1723.0,支出,全国
居民人均教育文化娱乐支出(元),2015年,969.0,支出,农村
居民人均教育文化娱乐支出(元),2015年,2383.0,支出,城镇
居民人均教育文化娱乐支出(元),2016年,1915.0,支出,全国
居民人均教育文化娱乐支出(元),2016年,1070.0,支出,农村
居民人均教育文化娱乐支出(元),2016年,2638.0,支出,城镇
居民人均教育文化娱乐支出(元),2017年,2086.0,支出,全国
居民人均教育文化娱乐支出(元),2017年,1171.0,支出,农村
居民人均教育文化娱乐支出(元),2017年,2847.0,支出,城镇
居民人均教育文化娱乐支出(元),2018年,2226.0,支出,全国
居民人均教育文化娱乐支出(元),2018年,1302.0,支出,农村
居民人均教育文化娱乐支出(元),2018年,2974.0,支出,城镇
居民人均教育文化娱乐支出(元),2019年,2513.0,支出,全国
居民人均教育文化娱乐支出(元),2019年,1482.0,支出,农村
居民人均教育文化娱乐支出(元),2019年,3328.0,支出,城镇
居民人均教育文化娱乐支出(元),2020年,2032.0,支出,全国
居民人均教育文化娱乐支出(元),2020年,1309.0,支出,农村
居民人均教育文化娱乐支出(元),2020年,2592.0,支出,城镇
居民人均教育文化娱乐支出(元),2021年,2599.0,支出,全国
居民人均教育文化娱乐支出(元),2021年,1646.0,支出,农村
居民人均教育文化娱乐支出(元),2021年,3322.0,支出,城镇
居民人均服务性消费支出(元),2013年,5246.0,支出,全国
居民人均服务性消费支出(元),2013年,2567.0,支出,农村
居民人均服务性消费支出(元),2013年,7706.0,支出,城镇
居民人均服务性消费支出(元),2014年,5842.0,支出,全国
居民人均服务性消费支出(元),2014年,2946.0,支出,农村
居民人均服务性消费支出(元),2014年,8438.0,支出,城镇
居民人均服务性消费支出(元),2015年,6460.0,支出,全国
居民人均服务性消费支出(元),2015年,3337.0,支出,农村
居民人均服务性消费支出(元),2015年,9192.0,支出,城镇
居民人均服务性消费支出(元),2016年,7157.0,支出,全国
居民人均服务性消费支出(元),2016年,3751.0,支出,农村
居民人均服务性消费支出(元),2016年,10068.0,支出,城镇
居民人均服务性消费支出(元),2017年,7803.0,支出,全国
居民人均服务性消费支出(元),2017年,4130.0,支出,农村
居民人均服务性消费支出(元),2017年,10854.0,支出,城镇
居民人均服务性消费支出(元),2018年,8781.0,支出,全国
居民人均服务性消费支出(元),2018年,4645.0,支出,农村
居民人均服务性消费支出(元),2018年,12130.0,支出,城镇
居民人均服务性消费支出(元),2019年,9886.0,支出,全国
居民人均服务性消费支出(元),2019年,5290.0,支出,农村
居民人均服务性消费支出(元),2019年,13518.0,支出,城镇
居民人均服务性消费支出(元),2020年,9037.0,支出,全国
居民人均服务性消费支出(元),2020年,5190.0,支出,农村
居民人均服务性消费支出(元),2020年,12013.0,支出,城镇
居民人均服务性消费支出(元),2021年,10645.0,支出,全国
居民人均服务性消费支出(元),2021年,6143.0,支出,农村
居民人均服务性消费支出(元),2021年,14059.0,支出,城镇
居民人均消费支出(元),2000年,2914.0,支出,全国
居民人均消费支出(元),2000年,1714.0,支出,农村
居民人均消费支出(元),2000年,5027.0,支出,城镇
居民人均消费支出(元),2001年,3139.0,支出,全国
居民人均消费支出(元),2001年,1803.0,支出,农村
居民人均消费支出(元),2001年,5350.0,支出,城镇
居民人均消费支出(元),2002年,3548.0,支出,全国
居民人均消费支出(元),2002年,1917.0,支出,农村
居民人均消费支出(元),2002年,6089.0,支出,城镇
居民人均消费支出(元),2003年,3889.0,支出,全国
居民人均消费支出(元),2003年,2050.0,支出,农村
居民人均消费支出(元),2003年,6587.0,支出,城镇
居民人均消费支出(元),2004年,4395.0,支出,全国
居民人均消费支出(元),2004年,2326.0,支出,农村
居民人均消费支出(元),2004年,7280.0,支出,城镇
居民人均消费支出(元),2005年,5035.0,支出,全国
居民人均消费支出(元),2005年,2749.0,支出,农村
居民人均消费支出(元),2005年,8068.0,支出,城镇
居民人均消费支出(元),2006年,5634.0,支出,全国
居民人均消费支出(元),2006年,3072.0,支出,农村
居民人均消费支出(元),2006年,8851.0,支出,城镇
居民人均消费支出(元),2007年,6592.0,支出,全国
居民人均消费支出(元),2007年,3536.0,支出,农村
居民人均消费支出(元),2007年,10196.0,支出,城镇
居民人均消费支出(元),2008年,7548.0,支出,全国
居民人均消费支出(元),2008年,4054.0,支出,农村
居民人均消费支出(元),2008年,11489.0,支出,城镇
居民人均消费支出(元),2009年,8377.0,支出,全国
居民人均消费支出(元),2009年,4464.0,支出,农村
居民人均消费支出(元),2009年,12558.0,支出,城镇
居民人均消费支出(元),2010年,9378.0,支出,全国
居民人均消费支出(元),2010年,4945.0,支出,农村
居民人均消费支出(元),2010年,13821.0,支出,城镇
居民人均消费支出(元),2011年,10820.0,支出,全国
居民人均消费支出(元),2011年,5892.0,支出,农村
居民人均消费支出(元),2011年,15554.0,支出,城镇
居民人均消费支出(元),2012年,12054.0,支出,全国
居民人均消费支出(元),2012年,6667.0,支出,农村
居民人均消费支出(元),2012年,17107.0,支出,城镇
居民人均消费支出(元),2013年,13220.0,支出,全国
居民人均消费支出(元),2013年,7485.0,支出,农村
居民人均消费支出(元),2013年,18488.0,支出,城镇
居民人均消费支出(元),2014年,14491.0,支出,全国
居民人均消费支出(元),2014年,8383.0,支出,农村
居民人均消费支出(元),2014年,19968.0,支出,城镇
居民人均消费支出(元),2015年,15712.0,支出,全国
居民人均消费支出(元),2015年,9223.0,支出,农村
居民人均消费支出(元),2015年,21392.0,支出,城镇
居民人均消费支出(元),2016年,17111.0,支出,全国
居民人均消费支出(元),2016年,10130.0,支出,农村
居民人均消费支出(元),2016年,23079.0,支出,城镇
居民人均消费支出(元),2017年,18322.0,支出,全国
居民人均消费支出(元),2017年,10955.0,支出,农村
居民人均消费支出(元),2017年,24445.0,支出,城镇
居民人均消费支出(元),2018年,19853.0,支出,全国
居民人均消费支出(元),2018年,12124.0,支出,农村
居民人均消费支出(元),2018年,26112.0,支出,城镇
居民人均消费支出(元),2019年,21559.0,支出,全国
居民人均消费支出(元),2019年,13328.0,支出,农村
居民人均消费支出(元),2019年,28063.0,支出,城镇
居民人均消费支出(元),2020年,21210.0,支出,全国
居民人均消费支出(元),2020年,13713.0,支出,农村
居民人均消费支出(元),2020年,27007.0,支出,城镇
居民人均消费支出(元),2021年,24100.0,支出,全国
居民人均消费支出(元),2021年,15916.0,支出,农村
居民人均消费支出(元),2021年,30307.0,支出,城镇
居民人均生活用品及服务支出(元),2000年,184.0,支出,全国
居民人均生活用品及服务支出(元),2000年,78.0,支出,农村
居民人均生活用品及服务支出(元),2000年,372.0,支出,城镇
居民人均生活用品及服务支出(元),2001年,214.0,支出,全国
居民人均生活用品及服务支出(元),2001年,80.0,支出,农村
居民人均生活用品及服务支出(元),2001年,436.0,支出,城镇
居民人均生活用品及服务支出(元),2002年,202.0,支出,全国
居民人均生活用品及服务支出(元),2002年,85.0,支出,农村
居民人均生活用品及服务支出(元),2002年,385.0,支出,城镇
居民人均生活用品及服务支出(元),2003年,215.0,支出,全国
居民人均生活用品及服务支出(元),2003年,87.0,支出,农村
居民人均生活用品及服务支出(元),2003年,404.0,支出,城镇
居民人均生活用品及服务支出(元),2004年,224.0,支出,全国
居民人均生活用品及服务支出(元),2004年,96.0,支出,农村
居民人均生活用品及服务支出(元),2004年,401.0,支出,城镇
居民人均生活用品及服务支出(元),2005年,258.0,支出,全国
居民人均生活用品及服务支出(元),2005年,122.0,支出,农村
居民人均生活用品及服务支出(元),2005年,438.0,支出,城镇
居民人均生活用品及服务支出(元),2006年,293.0,支出,全国
居民人均生活用品及服务支出(元),2006年,140.0,支出,农村
居民人均生活用品及服务支出(元),2006年,486.0,支出,城镇
居民人均生活用品及服务支出(元),2007年,359.0,支出,全国
居民人均生活用品及服务支出(元),2007年,167.0,支出,农村
居民人均生活用品及服务支出(元),2007年,586.0,支出,城镇
居民人均生活用品及服务支出(元),2008年,418.0,支出,全国
居民人均生活用品及服务支出(元),2008年,197.0,支出,农村
居民人均生活用品及服务支出(元),2008年,667.0,支出,城镇
居民人均生活用品及服务支出(元),2009年,486.0,支出,全国
居民人均生活用品及服务支出(元),2009年,234.0,支出,农村
居民人均生活用品及服务支出(元),2009年,755.0,支出,城镇
居民人均生活用品及服务支出(元),2010年,569.0,支出,全国
居民人均生活用品及服务支出(元),2010年,272.0,支出,农村
居民人均生活用品及服务支出(元),2010年,867.0,支出,城镇
居民人均生活用品及服务支出(元),2011年,675.0,支出,全国
居民人均生活用品及服务支出(元),2011年,361.0,支出,农村
居民人均生活用品及服务支出(元),2011年,976.0,支出,城镇
居民人均生活用品及服务支出(元),2012年,741.0,支出,全国
居民人均生活用品及服务支出(元),2012年,400.0,支出,农村
居民人均生活用品及服务支出(元),2012年,1061.0,支出,城镇
居民人均生活用品及服务支出(元),2013年,806.0,支出,全国
居民人均生活用品及服务支出(元),2013年,455.0,支出,农村
居民人均生活用品及服务支出(元),2013年,1129.0,支出,城镇
居民人均生活用品及服务支出(元),2014年,890.0,支出,全国
居民人均生活用品及服务支出(元),2014年,506.0,支出,农村
居民人均生活用品及服务支出(元),2014年,1233.0,支出,城镇
居民人均生活用品及服务支出(元),2015年,951.0,支出,全国
居民人均生活用品及服务支出(元),2015年,546.0,支出,农村
居民人均生活用品及服务支出(元),2015年,1306.0,支出,城镇
居民人均生活用品及服务支出(元),2016年,1044.0,支出,全国
居民人均生活用品及服务支出(元),2016年,596.0,支出,农村
居民人均生活用品及服务支出(元),2016年,1427.0,支出,城镇
居民人均生活用品及服务支出(元),2017年,1121.0,支出,全国
居民人均生活用品及服务支出(元),2017年,634.0,支出,农村
居民人均生活用品及服务支出(元),2017年,1525.0,支出,城镇
居民人均生活用品及服务支出(元),2018年,1223.0,支出,全国
居民人均生活用品及服务支出(元),2018年,720.0,支出,农村
居民人均生活用品及服务支出(元),2018年,1629.0,支出,城镇
居民人均生活用品及服务支出(元),2019年,1281.0,支出,全国
居民人均生活用品及服务支出(元),2019年,764.0,支出,农村
居民人均生活用品及服务支出(元),2019年,1689.0,支出,城镇
居民人均生活用品及服务支出(元),2020年,1260.0,支出,全国
居民人均生活用品及服务支出(元),2020年,768.0,支出,农村
居民人均生活用品及服务支出(元),2020年,1640.0,支出,城镇
居民人均生活用品及服务支出(元),2021年,1423.0,支出,全国
居民人均生活用品及服务支出(元),2021年,901.0,支出,农村
居民人均生活用品及服务支出(元),2021年,1820.0,支出,城镇
居民人均衣着支出(元),2000年,238.0,支出,全国
居民人均衣着支出(元),2000年,97.0,支出,农村
居民人均衣着支出(元),2000年,486.0,支出,城镇
居民人均衣着支出(元),2001年,256.0,支出,全国
居民人均衣着支出(元),2001年,100.0,支出,农村
居民人均衣着支出(元),2001年,515.0,支出,城镇
居民人均衣着支出(元),2002年,285.0,支出,全国
居民人均衣着支出(元),2002年,107.0,支出,农村
居民人均衣着支出(元),2002年,564.0,支出,城镇
居民人均衣着支出(元),2003年,310.0,支出,全国
居民人均衣着支出(元),2003年,112.0,支出,农村
居民人均衣着支出(元),2003年,600.0,支出,城镇
居民人均衣着支出(元),2004年,339.0,支出,全国
居民人均衣着支出(元),2004年,123.0,支出,农村
居民人均衣着支出(元),2004年,641.0,支出,城镇
居民人均衣着支出(元),2005年,404.0,支出,全国
居民人均衣着支出(元),2005年,153.0,支出,农村
居民人均衣着支出(元),2005年,737.0,支出,城镇
居民人均衣着支出(元),2006年,459.0,支出,全国
居民人均衣着支出(元),2006年,173.0,支出,农村
居民人均衣着支出(元),2006年,818.0,支出,城镇
居民人均衣着支出(元),2007年,539.0,支出,全国
居民人均衣着支出(元),2007年,201.0,支出,农村
居民人均衣着支出(元),2007年,937.0,支出,城镇
居民人均衣着支出(元),2008年,601.0,支出,全国
居民人均衣着支出(元),2008年,221.0,支出,农村
居民人均衣着支出(元),2008年,1029.0,支出,城镇
居民人均衣着支出(元),2009年,666.0,支出,全国
居民人均衣着支出(元),2009年,243.0,支出,农村
居民人均衣着支出(元),2009年,1119.0,支出,城镇
居民人均衣着支出(元),2010年,759.0,支出,全国
居民人均衣着支出(元),2010年,277.0,支出,农村
居民人均衣着支出(元),2010年,1242.0,支出,城镇
居民人均衣着支出(元),2011年,903.0,支出,全国
居民人均衣着支出(元),2011年,357.0,支出,农村
居民人均衣着支出(元),2011年,1426.0,支出,城镇
居民人均衣着支出(元),2012年,992.0,支出,全国
居民人均衣着支出(元),2012年,413.0,支出,农村
居民人均衣着支出(元),2012年,1535.0,支出,城镇
居民人均衣着支出(元),2013年,1027.0,支出,全国
居民人均衣着支出(元),2013年,454.0,支出,农村
居民人均衣着支出(元),2013年,1554.0,支出,城镇
居民人均衣着支出(元),2014年,1099.0,支出,全国
居民人均衣着支出(元),2014年,510.0,支出,农村
居民人均衣着支出(元),2014年,1627.0,支出,城镇
居民人均衣着支出(元),2015年,1164.0,支出,全国
居民人均衣着支出(元),2015年,550.0,支出,农村
居民人均衣着支出(元),2015年,1701.0,支出,城镇
居民人均衣着支出(元),2016年,1203.0,支出,全国
居民人均衣着支出(元),2016年,575.0,支出,农村
居民人均衣着支出(元),2016年,1739.0,支出,城镇
居民人均衣着支出(元),2017年,1238.0,支出,全国
居民人均衣着支出(元),2017年,612.0,支出,农村
居民人均衣着支出(元),2017年,1758.0,支出,城镇
居民人均衣着支出(元),2018年,1289.0,支出,全国
居民人均衣着支出(元),2018年,648.0,支出,农村
居民人均衣着支出(元),2018年,1808.0,支出,城镇
居民人均衣着支出(元),2019年,1338.0,支出,全国
居民人均衣着支出(元),2019年,713.0,支出,农村
居民人均衣着支出(元),2019年,1832.0,支出,城镇
居民人均衣着支出(元),2020年,1238.0,支出,全国
居民人均衣着支出(元),2020年,713.0,支出,农村
居民人均衣着支出(元),2020年,1645.0,支出,城镇
居民人均衣着支出(元),2021年,1419.0,支出,全国
居民人均衣着支出(元),2021年,860.0,支出,农村
居民人均衣着支出(元),2021年,1843.0,支出,城镇
居民人均食品烟酒支出(元),2000年,1231.0,支出,全国
居民人均食品烟酒支出(元),2000年,829.0,支出,农村
居民人均食品烟酒支出(元),2000年,1940.0,支出,城镇
居民人均食品烟酒支出(元),2001年,1270.0,支出,全国
居民人均食品烟酒支出(元),2001年,841.0,支出,农村
居民人均食品烟酒支出(元),2001年,1979.0,支出,城镇
居民人均食品烟酒支出(元),2002年,1391.0,支出,全国
居民人均食品烟酒支出(元),2002年,861.0,支出,农村
居民人均食品烟酒支出(元),2002年,2216.0,支出,城镇
居民人均食品烟酒支出(元),2003年,1483.0,支出,全国
居民人均食品烟酒支出(元),2003年,900.0,支出,农村
居民人均食品烟酒支出(元),2003年,2337.0,支出,城镇
居民人均食品烟酒支出(元),2004年,1704.0,支出,全国
居民人均食品烟酒支出(元),2004年,1055.0,支出,农村
居民人均食品烟酒支出(元),2004年,2609.0,支出,城镇
居民人均食品烟酒支出(元),2005年,1877.0,支出,全国
居民人均食品烟酒支出(元),2005年,1191.0,支出,农村
居民人均食品烟酒支出(元),2005年,2786.0,支出,城镇
居民人均食品烟酒支出(元),2006年,2002.0,支出,全国
居民人均食品烟酒支出(元),2006年,1249.0,支出,农村
居民人均食品烟酒支出(元),2006年,2948.0,支出,城镇
居民人均食品烟酒支出(元),2007年,2346.0,支出,全国
居民人均食品烟酒支出(元),2007年,1433.0,支出,农村
居民人均食品烟酒支出(元),2007年,3423.0,支出,城镇
居民人均食品烟酒支出(元),2008年,2741.0,支出,全国
居民人均食品烟酒支出(元),2008年,1657.0,支出,农村
居民人均食品烟酒支出(元),2008年,3963.0,支出,城镇
居民人均食品烟酒支出(元),2009年,2875.0,支出,全国
居民人均食品烟酒支出(元),2009年,1695.0,支出,农村
居民人均食品烟酒支出(元),2009年,4136.0,支出,城镇
居民人均食品烟酒支出(元),2010年,3137.0,支出,全国
居民人均食品烟酒支出(元),2010年,1874.0,支出,农村
居民人均食品烟酒支出(元),2010年,4402.0,支出,城镇
居民人均食品烟酒支出(元),2011年,3633.0,支出,全国
居民人均食品烟酒支出(元),2011年,2186.0,支出,农村
居民人均食品烟酒支出(元),2011年,5023.0,支出,城镇
居民人均食品烟酒支出(元),2012年,3983.0,支出,全国
居民人均食品烟酒支出(元),2012年,2395.0,支出,农村
居民人均食品烟酒支出(元),2012年,5472.0,支出,城镇
居民人均食品烟酒支出(元),2013年,4127.0,支出,全国
居民人均食品烟酒支出(元),2013年,2554.0,支出,农村
居民人均食品烟酒支出(元),2013年,5571.0,支出,城镇
居民人均食品烟酒支出(元),2014年,4494.0,支出,全国
居民人均食品烟酒支出(元),2014年,2814.0,支出,农村
居民人均食品烟酒支出(元),2014年,6000.0,支出,城镇
居民人均食品烟酒支出(元),2015年,4814.0,支出,全国
居民人均食品烟酒支出(元),2015年,3048.0,支出,农村
居民人均食品烟酒支出(元),2015年,6360.0,支出,城镇
居民人均食品烟酒支出(元),2016年,5151.0,支出,全国
居民人均食品烟酒支出(元),2016年,3266.0,支出,农村
居民人均食品烟酒支出(元),2016年,6762.0,支出,城镇
居民人均食品烟酒支出(元),2017年,5374.0,支出,全国
居民人均食品烟酒支出(元),2017年,3415.0,支出,农村
居民人均食品烟酒支出(元),2017年,7001.0,支出,城镇
居民人均食品烟酒支出(元),2018年,5631.0,支出,全国
居民人均食品烟酒支出(元),2018年,3646.0,支出,农村
居民人均食品烟酒支出(元),2018年,7239.0,支出,城镇
居民人均食品烟酒支出(元),2019年,6084.0,支出,全国
居民人均食品烟酒支出(元),2019年,3998.0,支出,农村
居民人均食品烟酒支出(元),2019年,7733.0,支出,城镇
居民人均食品烟酒支出(元),2020年,6397.0,支出,全国
居民人均食品烟酒支出(元),2020年,4479.0,支出,农村
居民人均食品烟酒支出(元),2020年,7881.0,支出,城镇
居民人均食品烟酒支出(元),2021年,7178.0,支出,全国
居民人均食品烟酒支出(元),2021年,5200.0,支出,农村
居民人均食品烟酒支出(元),2021年,8678.0,支出,城镇
